{"cameraMode":{"drawMode":0,"name":"Shaded","section":"Shading Mode"},"sceneLighting":true,"audioPlay":false,"sceneViewState":{"m_AlwaysRefresh":false,"showFog":true,"showSkybox":true,"showFlares":true,"showImageEffects":true,"showParticleSystems":true,"showVisualEffectGraphs":true,"m_FxEnabled":true},"in2DMode":false,"pivot":{"x":4.043035507202148,"y":1.7487701177597047,"z":-13.783077239990235},"rotation":{"x":0.02426690049469471,"y":-0.9511850476264954,"z":0.07750627398490906,"w":0.2976697087287903},"size":3.7575247287750246,"orthographic":false}